titulo,preco,descricao,avaliacao,qtd_avaliacao,bullets,imagem,qtd_imagem,qualidade_imagem
Hub Usb 2.0 3 Portas + Leitor De Cartao Memoria SD Total 7portas,"R$20,99","Características
- HUB + Leitor de cartão universal
- Portátil e fácil de carregar
- Alta velocidade de transmissão
- Plug & Play
Informações Técnicas
- HUB com 3 portas USB 2.0
- Transmissão de até 480Mb/s
- Compatível com: Windows 98SE, 2000, XP, Vista, 7, MAC OS X 9.0, Windows 10 e ultima versão Linux 2,4
- Suporta mais de 40 tipos de cartão Dentre Eles M2 / MS / MS PRO DUO / SD / MMC / Micro SD.
Especificações Técnicas:
- Altura (cm): 2
- Comprimento (cm): 4.5
- Largura (cm): 1.3
- Ruído: 0
Especificações:
- HUB leitor de cartão universal
- 3 portas USB 2.0, para conexão de pendrives ou cabos
- Alta velocidade de transmissão: até 480MB/s
- Portátil e fácil de carregar
- Plugue & Play: basta conectar e usar, não é preciso instalar nenhum driver
- Luz LED indicadora do estado
- Compatível com Windows 7, Vista, XP, 2000, 98SE, MAC OS X 9.0 e Linux 2.4 (última versão)
- Suporta mais de 40 tipos de cartões
- Dimensões aprox. do produto: 3,1 x 7,5 x 7,5cm
Cartões Suportados:
- Micro SD/MS/MS-MG/ MS-Pro-MG/HS-MS-Pro-MG/MS Duo 32MB/MS Duo-MG/MS Pro-Duo-MG/HS-MS Pro-Duo-MG
- MS Pro-Duo-PSP/ MS Pro Duo-Gaming/SD/SD-ultra/SD-Compatible/SD-Pro/SD-ultra 11/SD-ultra 11 plus/SD-Pleomax
- SD-Pro Compatible/ SD-Extreme 111/SD-Ultra X/SD-Tutbo/SD-Super/SD-Max/Mini SD/Mini SD Pro/Mini SD-Pleomax
- MMC 1 GB/MMC-Pleomax/High Speed/ MMC/MMC-Plus(8 bit)/MMC-Plus Turbo/RS MMC/RS MMC-Pleomax
- RS MMC-Speed/RS MMC-Max/MMC Pro/MMC Mobile/MMC/ Mobile-Pro",5 de 5,1,"['Portatil e fácil de carregar', 'Alta velocidade de transmissão', 'Compatibilidade']",https://m.media-amazon.com/images/I/31g-tls+1xL._AC_.jpg,1,
Meias Kids Selene 3 Pares Sortidos,"R$30,99","Ofereça conforto e estilo para os pequenos com as Meias Kids Selene. Perfeitas para o dia a dia, essas meias são ideais para garantir que as crianças estejam sempre aquecidas e bem vestidas, sem abrir mão da praticidade e do charme.
Características Principais:
Pacote com 3 Pares Sortidos: Cada pacote contém três pares de meias em cores e padrões variados, proporcionando opções versáteis para combinar com diferentes roupas e ocasiões.
Conforto Superior: Feitas com materiais macios e respiráveis, as meias garantem um ajuste confortável e agradável durante todo o dia, evitando irritações e desconforto.
Composição de Qualidade: Fabricadas com uma mistura de algodão e elastano, oferecem elasticidade e durabilidade, mantendo a forma e o ajuste perfeito após várias lavagens.
Design Atraente: Disponíveis em uma variedade de cores e padrões divertidos, as meias adicionam um toque de diversão e estilo ao visual das crianças.
Ajuste Perfeito: O elástico suave na parte superior ajuda a manter as meias no lugar sem apertar, proporcionando um ajuste seguro e confortável.
Fácil Cuidados: Podem ser lavadas na máquina e secas ao ar livre, mantendo a praticidade para os pais e a durabilidade para os pequenos.
As Meias Kids Selene são a escolha ideal para pais que buscam qualidade e estilo para seus filhos. Com a combinação perfeita de conforto, durabilidade e design, essas meias são um complemento essencial para o guarda-roupa das crianças.",Sem avaliação,0,['Bullet points não encontrados'],https://m.media-amazon.com/images/I/61PCujaCXDL._AC_SL1200_.jpg,1,1060x722
Ring Light 6 Polegadas 14cm com Mini Tripe (Preto),"R$30,90","Ring Light 6 Polegadas (14cm) com Mini Tripé! Ideal para criadores de conteúdo, maquiadores, youtubers e influenciadores, essa iluminação prática e eficiente é o segredo para resultados profissionais. Com seu design compacto e 3 opções de temperatura de cor (branca, neutra e quente), você terá o controle perfeito da luz, ajustando-a conforme o ambiente e o estilo de gravação. O mini tripé garante estabilidade e facilidade de uso em qualquer superfície, oferecendo ângulos ideais para selfies, gravações e videochamadas. Compacto, portátil e extremamente versátil, o Ring Light de 14cm é a escolha perfeita para destacar seus melhores momentos, melhorar a qualidade visual do seu conteúdo e proporcionar aquele brilho único que faz toda a diferença. Destaques: 3 modos de iluminação para ajuste perfeito; Mini tripé estável para qualquer superfície; Ideal para vídeos, fotos, lives e tutoriais; Compacto e leve, fácil de transportar.",Sem avaliação,0,"['Versatilidade de Iluminação: Com três opções de temperatura de cor (branca, neutra e quente), o Ring Light permite que você ajuste a iluminação conforme o ambiente e o estilo de gravação, garantindo resultados sempre profissionais.', 'Portabilidade e Design Compacto: Seu tamanho reduzido e leveza tornam este ring light extremamente fácil de transportar, ideal para criadores de conteúdo em movimento, maquiadores e influenciadores que precisam de uma solução prática.', 'Mini Tripé Estável: O mini tripé proporciona estabilidade em qualquer superfície, permitindo ângulos ideais para selfies, gravações e videochamadas, sem comprometer a qualidade da imagem.', 'Ideal para Múltiplas Aplicações: Perfeito para vídeos, fotos, transmissões ao vivo e tutoriais, o Ring Light é uma ferramenta essencial para quem deseja elevar a qualidade visual do seu conteúdo.', 'Facilidade de Uso: A combinação de um design intuitivo com a funcionalidade do tripé torna este ring light fácil de usar, proporcionando uma experiência sem complicações para todos os criadores de conteúdo, independentemente do nível de experiência.']",https://m.media-amazon.com/images/I/516F0uDJazL._AC_SL1200_.jpg,1,1200x1133
Biquíni Aviação Estampado Sem Bojo Conforto e Estilo,"R$44,99","Transforme seu Verão com o Biquíni Aviação com Estampa Pimenta
Prepare-se para brilhar neste verão com o Biquíni Aviação com Estampa Pimenta. Com um design vibrante e ousado, este biquíni é perfeito para quem deseja se destacar à beira da piscina ou na praia. A estampa de pimenta traz um toque de personalidade e modernidade, tornando cada momento ainda mais especial.
Estampa Exclusiva: A estampa de pimenta não só adiciona um charme único e vibrante ao seu visual, mas também reflete seu estilo arrojado e confiante.
Conforto Sem Bojo: A ausência de bojo garante um ajuste leve e confortável, ideal para dias ensolarados de diversão e relaxamento. Você pode se mover livremente, sem abrir mão da elegância.
Design Estiloso: Com um corte que valoriza as curvas, este biquíni é ideal para quem busca um look ousado e contemporâneo. Combine-o com seus acessórios favoritos e esteja pronta para arrasar!
Transforme suas experiências de verão em momentos inesquecíveis com o Biquíni Aviação. Sinta-se confiante, estilosa e confortável em qualquer ocasião!",Sem avaliação,0,['Bullet points não encontrados'],https://m.media-amazon.com/images/I/61jwBveWy3L._AC_SL1200_.jpg,3,797x1034
Capa Protetora Defender Preta Para Galaxy Tab III 7 Otterbox (Preto),"R$28,89","Proteja seu Galaxy Tab III 7 com a Capa Protetora Defender da Otterbox, projetada para oferecer máxima segurança e funcionalidade. Esta capa é ideal para quem busca proteção robusta sem abrir mão do estilo. Características: - Proteção Superior: A tecnologia de absorção de impactos proporciona defesa contra quedas, arranhões e impactos, garantindo que seu dispositivo permaneça em perfeito estado. - Design Ergonômico: Com um encaixe seguro e confortável, a capa facilita o manuseio, permitindo que você utilize seu tablet com facilidade. - Acesso Total: A Capa Defender mantém todas as portas e botões acessíveis, permitindo o uso total das funcionalidades do seu Galaxy Tab III 7, sem a necessidade de remover a capa. - Material de Alta Qualidade: Fabricada com materiais duráveis, resistentes à abrasão e ao desgaste, garantindo longa vida útil. - Instalação Simples: A capa é fácil de instalar e remover, permitindo que você troque de acessório conforme suas necessidades. Dimensões e Peso: - Compatível com Galaxy Tab III 7. - Peso leve, ideal para transporte. Cores Disponíveis: - Preto clássico, que combina com qualquer estilo. Cuidados e Manutenção: - Limpeza com pano úmido. - Evitar contato com produtos químicos agressivos. Garanta a proteção que seu Galaxy Tab III 7 merece com a Capa Protetora Defender Preta da Otterbox. Perfeita para uso diário, viagens ou qualquer situação em que seu tablet esteja exposto a riscos.",Sem avaliação,0,"['Proteção em Camadas: A capa possui três camadas de proteção, incluindo uma camada interna de policarbonato rígido que absorve impactos e uma camada externa emborrachada que oferece resistência adicional contra quedas e arranhões.', 'Design Resistente: A capa é projetada para suportar ambientes desafiadores e testes rigorosos, protegendo o dispositivo de quedas de até 2 metros', 'Acesso Total: Apesar da proteção, a capa permite fácil acesso a todos os botões, portas e funcionalidades do tablet, incluindo câmera e conector de carregamento, sem precisar remover a capa.', 'Material e Dimensões: A capa é feita de policarbonato e silicone emborrachado, leve e projetada para se ajustar perfeitamente ao Galaxy Tab III 7"".']",https://m.media-amazon.com/images/I/41Vc49XdKZL._AC_SL1200_.jpg,2,498x1148
Bermuda Masculina Térmica De Compressão Lupo I-Max,"R$120,30","A Bermuda Lupo AM Térmica I-Max em azul marinho é a escolha ideal para quem busca alto desempenho e conforto durante treinos intensos e atividades físicas. Feita com a tecnologia I-Max, ela oferece uma excelente compressão, proporcionando suporte muscular que melhora a performance e reduz a fadiga. Seu tecido térmico mantém a temperatura corporal estável, garantindo conforto em climas frios ou quentes.
Características:
Tecnologia I-Max: compressão que auxilia na circulação sanguínea e aumenta a resistência durante o exercício.
Tecido térmico: mantém o corpo na temperatura ideal em qualquer condição climática.
Elasticidade: ajuste perfeito ao corpo, permitindo total liberdade de movimento.
Design anatômico: molda-se ao corpo com um caimento perfeito, valorizando a silhueta.
Cor azul marinho: sofisticada e fácil de combinar com outras peças esportivas.
Costuras flat: evitam atrito e irritações na pele, garantindo máximo conforto durante o uso prolongado.
Respirabilidade: tecido que facilita a ventilação e evita o acúmulo de suor.
Essa bermuda é a opção certa para quem procura qualidade, desempenho e estilo em uma única peça. Seja para correr, malhar ou praticar esportes ao ar livre, a Bermuda Lupo AM Térmica I-Max é a sua companheira ideal.",Sem avaliação,0,['Bullet points não encontrados'],https://m.media-amazon.com/images/I/51Gb00LBw2L._AC_SL1200_.jpg,1,828x1013
"Película Protetora de Vidro para Tela de Celular, para Motorola E4, Transparente","R$19,09","Proteção além da sua expectativa. As películas são compostas de um vidro temperado especial, não atrapalha o touch do seu smartphone, mas protege muito mais contra riscos, arranhões e impactos de menor grau sobre a tela do aparelho.","4,3 de 5",31,"['Proteção além da sua expectativa', 'As películas são compostas de um vidro temperado especial, não atrapalha o touch do seu smartphone', 'Protege muito mais contra riscos, arranhões e impactos de menor grau sobre a tela do aparelho', 'Para Motorola E4']",https://m.media-amazon.com/images/I/61HJECjobtL._AC_SL1000_.jpg,1,790x812
Kit 2 Cuecas Boxer Mash Preto/Preto Listrado,"R$52,90","Eleve o conforto do seu dia a dia com o Kit Boxer Microfibra 2 Peças da Mash, ideal para quem busca qualidade e praticidade em roupas íntimas. Este conjunto é perfeito para uso diário, proporcionando o máximo de conforto e durabilidade.
Características principais:
Material: Fabricado em microfibra leve e macia, que garante uma sensação suave ao toque e mantém o corpo fresco durante todo o dia.
Modelagem anatômica: As boxers se ajustam perfeitamente ao corpo, oferecendo liberdade de movimento e suporte nas áreas essenciais.
Cintura elástica: O cós elástico possui o logo da Mash, proporcionando um ajuste seguro sem apertar.
Sem costura lateral: Tecnologia que evita marcas e irritações na pele, garantindo ainda mais conforto.
Respirabilidade: A microfibra possui alta capacidade de ventilação, ideal para atividades físicas ou longas horas de uso.
Kit com 2 peças: Ótima opção de custo-benefício, oferecendo duas boxers para uso rotativo.
Dimensões e tamanhos:
Disponível nos tamanhos P, M, G e GG, com excelente ajuste para diferentes tipos de corpo.
Cuidados:
Lavagem: Recomendado lavar à mão ou em ciclo delicado na máquina, evitando o uso de alvejantes.
Secagem: Secar à sombra para preservar a elasticidade e durabilidade da peça.
O Kit Boxer Microfibra 2 Peças da Mash é a escolha perfeita para quem preza por qualidade, conforto e estilo no dia a dia!",Sem avaliação,0,['Bullet points não encontrados'],https://m.media-amazon.com/images/I/51WYmEtPS1L._AC_SL1200_.jpg,2,833x1137
"Capa Protetora Kicktok para Galaxy S8 Plus, Samsung, Capa Protetora para Celular, Transparente","R$31,23",A capa S8 kicktok protege o Galaxy S8 plus realçando o design do smartphone. A capa serve também como apoio permitindo uma posição confortável para visualização da tela ou para digitação além de permitir acesso rápido e fácil a todos os botões e conexões.,"3,8 de 5",7,"['Estilo e elegância', 'Proteção completa contra riscos e quedas', 'Suporte embutido para assistir a vídeos com as mãos livres', 'País de Origem: VN']",https://m.media-amazon.com/images/I/51jZ4MDpKBL._AC_SL1499_.jpg,4,681x1443
Shorts Jeans Stillage Confortável com Barras Dobradas Estilo Casual,"R$47,90","Descubra o shorts perfeito para os dias quentes com o Shorts Jeans Stillage. Feito em jeans de alta qualidade, este modelo oferece o equilíbrio ideal entre conforto e estilo. Com barras dobradas que trazem um toque moderno e despojado, ele é a escolha ideal para compor looks casuais e frescos. Versátil, combina facilmente com blusas, camisetas ou regatas, sendo perfeito para passeios ou momentos descontraídos. Além disso, o corte ajustado valoriza a silhueta, proporcionando liberdade de movimento sem abrir mão do estilo.",Sem avaliação,0,['Bullet points não encontrados'],https://m.media-amazon.com/images/I/61mjwNm8C5L._AC_SL1200_.jpg,2,1116x811
"Película Protetora de Vidro Moto E5, Motorola, Transparente","R$14,44","Proteção além da sua expectativa! As películas são compostas de um vidro temperado especial, não atrapalha o touch do seu smartphone, mas protege muito mais contra riscos, arranhões e impactos de menor grau sobre a tela do aparelho.","3,4 de 5",20,"['Adesivo de silicone', 'Fina e forte', 'Alta sensibilidade', 'A tela do seu aparelho sempre nova']",https://m.media-amazon.com/images/I/71UPRh4y2oL._AC_SL1500_.jpg,2,724x1500
"Capa Protetora Cristal Bumper Transparente com Lateral Moto G7, Motorola, 4882.0, Preta","R$45,41","Protege seu smartphone na parte traseira e laterais, com abertura para acessórios como carregadores e fones. Para o uso de outros acessórios não precisa retirar a capa. Evite riscos e impactos que podem danificar seu aparelho. Com acabamento refinado, dá maior aderência e segurança quando o aparelho está em suas mãos.",5 de 5,3,"['Para o uso de outros acessórios não precisa retirar a capa', 'Evite riscos e impactos que podem danificar seu aparelho.', 'Com acabamento refinado, dá maior aderência e segurança quando o aparelho está em suas mãos.', 'País de Origem: CN']",https://m.media-amazon.com/images/I/615aJ73lEBL._AC_SL1500_.jpg,2,638x1500
"Carregador Veicular Hightech, Energizer, EZ-DCA2CUWH3I, Branca","R$19,90","Carregue seus aparelhos enquanto está na rua ou na estrada. Com 3, 4 Amp potência de saída, este carregador Veicular Energizer com duas saídas USB, proporciona a carga rápida e segura de seus smartphones ou tablets.","4,5 de 5",11,"['Carregue dois aparelhos simultaneamente', 'Obs: Não acompanha cabo USB', 'Design elegante']",https://m.media-amazon.com/images/I/61t5kdNN+3L._AC_SL1500_.jpg,2,1160x1248
"Capa Protetora Cristal Case Transparente Moto E5, Motorola, Capa com Proteção Completa (Carcaça+Tela), Transparente","R$14,90",Protege seu smartphone na parte traseira e laterais. com abertura para acessórios como carregadores e fones. Para o uso de outros acessórios não precisa retirar a capa. Evite riscos e impactos que podem danificar seu aparelho.,"3,2 de 5",33,"['Protege seu smartphone na parte traseira e laterais. com abertura para acessórios como carregadores e fones', 'Para o uso de outros acessórios não precisa retirar a capa', 'Evite riscos e impactos que podem danificar seu aparelho', 'País de Origem: CN']",https://m.media-amazon.com/images/I/611KhH7BtTL._AC_SL1500_.jpg,1,697x1433
"Cabo Displayport 4k Blindado Macho X Macho 1,8m 1.1 E 1.2 (preto)","R$31,90","O Cabo DisplayPort 4K Blindado de 1,8 metros oferece qualidade de transmissão superior para quem busca desempenho e durabilidade. Com conectores banhados a ouro e blindagem reforçada, ele proporciona máxima proteção contra interferências e uma conexão estável. Ideal para quem exige alta definição em resoluções de até 4K, este cabo é perfeito para conectar notebooks, tablets, TVs, monitores e projetores com suporte DisplayPort. Características do Produto: Marca: F3 Modelo: JC-DP1.8 Resolução Suportada: 480i, 576i/p, 720i/p, 1080i/p, até 2160p (4K) Conectores: 2 x DisplayPort (Macho) com conectores banhados a ouro Padrões Compatíveis: DisplayPort 1.1 e 1.2 Comprimento do Cabo: 1,8 metro Cor: Preto Com trava de segurança, garantindo uma conexão firme e confiável. Garantia do vendedor: 90 dias",Sem avaliação,0,"['Alta Resolução: Suporta resoluções de até 4K (2160p), proporcionando imagens nítidas e detalhadas, ideal para gamers e profissionais que exigem qualidade visual superior.', 'Blindagem Reforçada: A blindagem avançada do cabo protege contra interferências eletromagnéticas, minimizando perda de sinal e garantindo uma conexão de alta qualidade.', 'Conectores Banhados a Ouro: Os conectores banhados a ouro garantem uma excelente condutividade e resistência à corrosão, assegurando uma transmissão de sinal mais estável e confiável.', 'Trava de Segurança: Equipado com uma trava de segurança, o cabo assegura uma conexão firme e confiável, evitando desconexões acidentais durante o uso.', 'Comprimento Ideal: Com 1,8 metros de comprimento, o cabo oferece flexibilidade e conveniência para conectar dispositivos em diferentes configurações sem comprometer a qualidade do sinal.']",https://m.media-amazon.com/images/I/51-3+Xs2w-L._AC_SL1200_.jpg,1,1200x1091
Carregador Viagem USB-A Preto 15W Sem Cabo (Preto),"R$39,99","Carregue seus dispositivos com rapidez e segurança onde quer que esteja com o Carregador Viagem USB-A Preto 15W. Ideal para quem está sempre em movimento, este carregador oferece potência e eficiência em um design compacto e fácil de transportar. Potência de 15W: Com uma saída de 15 watts, este carregador garante um carregamento rápido e eficiente para smartphones, tablets, fones de ouvido, e outros dispositivos USB-A, permitindo que você recupere energia de forma ágil, sem perder tempo. Design compacto e leve: Projetado para ser discreto e fácil de levar em bolsas, mochilas ou malas de viagem, ele é perfeito para acompanhar o seu ritmo, seja em viagens a trabalho ou lazer. USB-A universal: A porta USB-A oferece compatibilidade com uma ampla gama de cabos e dispositivos, garantindo flexibilidade para carregar praticamente qualquer gadget, desde que você tenha o cabo adequado. Sem cabo incluído: Este modelo não vem com cabo, oferecendo a liberdade de utilizar o cabo de sua escolha, seja para Android, iPhone ou outros dispositivos com diferentes entradas. Proteção integrada: Equipado com recursos de proteção contra superaquecimento, sobrecarga e curtos-circuitos, este carregador garante segurança durante o uso, protegendo seus dispositivos e você. Compatível com tensão global: Ideal para viajantes, o carregador pode ser utilizado em diferentes partes do mundo, adaptando-se a tensões de 100-240V, basta ter o adaptador de tomada correto. Dimensões: Compacto, fácil de guardar e transportar, pesando aproximadamente 50g. Leve com você o Carregador Viagem USB-A Preto 15W e garanta energia confiável para seus dispositivos em qualquer lugar Garantia do vendedor: 90 dias",Sem avaliação,0,"['Eficiência de Carregamento: Com potência de 15W, o carregador oferece carregamento rápido e eficiente para uma variedade de dispositivos, incluindo smartphones e tablets.', 'Portabilidade e Design Compacto: O design leve e discreto facilita o transporte em bolsas e mochilas, tornando-o ideal para quem está sempre em movimento.', 'Compatibilidade Universal: A porta USB-A permite a conexão com uma ampla gama de dispositivos, garantindo flexibilidade no carregamento.', 'Segurança Avançada: Equipado com proteção contra superaquecimento, sobrecarga e curtos-circuitos, assegura um uso seguro para os dispositivos.', 'Compatibilidade Global: Funciona em tensões de 100-240V, sendo ideal para viajantes que necessitam de um carregador confiável em diferentes regiões do mundo.']",https://m.media-amazon.com/images/I/41ybhWt-6iL._AC_SL1200_.jpg,1,595x1185
Conj para Bar em Inox Stem 5 Pçs Prana Inox,"R$199,90","Conj. Bar stem em aço inox no modelo liso. Contém peneira, faca, dosador, pinça. Todo feito em inox polido, deixa o lugar sofisticado como decoração e muito útil no preparo de drinks e bebidas com tudo o que é preciso para um preparo rápido.",Sem avaliação,0,"['Com Design Limpo E Moderno, Trazendo Requinte E Sofisticação Para A Decoração De Seu Bar', 'Um Lindo Presente Para Homens Modernos Que Gostam De Preparar Seus Dinks Ou Receber Seus Convidados Com Elegncia', 'Em Aço Inox Polido, Prática De Limpar E Durável', 'País de Origem: CN']",https://m.media-amazon.com/images/I/51n-vWG4HIL._AC_SL1000_.jpg,5,611x893
Moldura Dobravel Plastica Crismop Inox,"R$14,90","Suporte para Mop Pó Dobrável, prático e leve, ideal para ser usado com o refil mop algodão ou microfibra com 45cm, sua casa sem pó. Muito mais praticidade e rapidez na limpeza de sua casa ou apartamento.",5 de 5,2,"['Ideal para limpar e tirar o pó na sala no quarto ou no seu escritório', 'Dobrável em aço e plástico com 45 cm', 'Material pp e aço inox', 'Fabricado com muito cuidado e atenção aos detalhes']",https://m.media-amazon.com/images/I/41n99saqHAL._AC_SL1000_.jpg,1,410x362
